vendor_id,pickup_datetime,dropoff_datetime,store_and_fwd_flag,rate_code,pickup_longitude,pickup_latitude,dropoff_longitude,dropoff_latitude,passenger_count,trip_distance,fare_amount,extra,mta_tax,tip_amount,tolls_amount,ehail_fee,total_amount,payment_type,distance_between_service,time_between_service,trip_type,imp_surcharge
1,2015-10-01 16:14:02.000000 UTC,2015-10-01 16:14:17.000000 UTC,N,1,-73.96978759765625,40.762821197509766,-73.969764709472656,40.762893676757812,1,2.9,23.0,0.0,0.5,0.0,0.0,,23.8,2,,,1,0.3
2,2015-03-02 21:27:35.000000 UTC,2015-03-02 21:37:26.000000 UTC,N,1,-74.006866455078125,40.7293815612793,-73.9835205078125,40.746910095214844,1,2.26,9.5,0.5,0.5,0.0,0.0,,10.8,2,,,1,0.3
1,2015-08-20 00:25:07.000000 UTC,2015-08-20 00:25:30.000000 UTC,N,1,-74.005813598632812,40.737201690673828,-74.005828857421875,40.737209320068359,1,0.0,2.5,0.5,0.5,0.0,0.0,,3.8,3,,,1,0.3
2,2015-02-07 19:47:46.000000 UTC,2015-02-07 19:55:55.000000 UTC,N,1,-73.9954605102539,40.760078430175781,-73.995086669921875,40.762065887451172,1,0.58,6.5,0.0,0.5,0.0,0.0,,7.3,2,,,1,0.3
2,2015-08-07 20:41:24.000000 UTC,2015-08-07 21:16:03.000000 UTC,N,1,-73.992729187011719,40.735725402832031,-73.992523193359375,40.735588073730469,1,8.79,26.0,0.5,0.5,5.46,0.0,,32.76,1,,,1,0.3
2,2015-01-24 14:00:48.000000 UTC,2015-01-24 14:18:26.000000 UTC,N,1,-73.977386474609375,40.763198852539062,-74.004798889160156,40.730239868164062,1,3.45,14.0,0.0,0.5,2.8,0.0,,17.6,1,,,1,0.3
1,2015-11-05 18:18:16.000000 UTC,2015-11-05 18:26:17.000000 UTC,N,1,-73.982177734375,40.741653442382812,-73.9830551147461,40.741298675537109,1,7.0,23.5,1.0,0.5,0.0,0.0,,25.3,2,,,1,0.3
1,2015-05-16 23:11:32.000000 UTC,2015-05-16 23:11:34.000000 UTC,N,1,-73.983634948730469,40.757148742675781,-73.983802795410156,40.757167816162109,4,6.7,41.0,0.5,0.5,0.0,0.0,,42.3,2,,,1,0.3
1,2015-10-02 10:35:59.000000 UTC,2015-10-02 10:46:18.000000 UTC,Y,1,-73.975677490234375,40.748340606689453,-73.976066589355469,40.741546630859375,1,9.6,33.5,0.0,0.5,0.0,0.0,,34.3,2,,,1,0.3
2,2015-11-21 23:47:07.000000 UTC,2015-11-21 23:49:24.000000 UTC,N,1,-74.0047607421875,40.731208801269531,-74.003456115722656,40.732990264892578,1,0.2,3.5,0.5,0.5,0.0,0.0,,4.8,2,,,1,0.3
2,2015-02-07 22:38:58.000000 UTC,2015-02-07 22:58:30.000000 UTC,N,1,-73.982658386230469,40.763118743896484,-74.004409790039062,40.730777740478516,1,2.51,13.5,0.5,0.5,3.7,0.0,,18.5,1,,,1,0.3
1,2015-08-22 06:21:51.000000 UTC,2015-08-22 06:21:56.000000 UTC,N,1,-73.992393493652344,40.7212028503418,-73.992591857910156,40.720832824707031,1,8.6,28.0,0.5,0.5,0.0,0.0,,29.3,4,,,1,0.3
1,2015-07-11 00:46:55.000000 UTC,2015-07-11 00:47:00.000000 UTC,N,1,-73.984504699707031,40.718917846679688,-73.984756469726562,40.7189826965332,1,0.0,2.5,0.5,0.5,0.0,0.0,,3.8,3,,,1,0.3
1,2015-01-07 18:43:56.000000 UTC,2015-01-07 18:44:21.000000 UTC,N,1,-73.991218566894531,40.749954223632812,-73.991218566894531,40.749912261962891,3,5.5,25.0,1.0,0.5,6.7,0.0,,33.5,1,,,1,0.3
2,2015-05-04 21:04:13.000000 UTC,2015-05-04 21:23:23.000000 UTC,N,1,-73.992347717285156,40.735198974609375,-73.993667602539062,40.735965728759766,1,4.57,17.0,0.5,0.5,0.0,0.0,,18.3,2,,,1,0.3
2,2015-04-30 10:28:34.000000 UTC,2015-04-30 10:28:46.000000 UTC,N,1,-73.971839904785156,40.7461051940918,-73.972579956054688,40.747470855712891,1,0.04,2.5,0.0,0.5,0.0,0.0,,3.3,2,,,1,0.3
2,2015-02-11 19:33:43.000000 UTC,2015-02-11 19:42:12.000000 UTC,N,1,-73.987274169921875,40.744331359863281,-73.97869873046875,40.759235382080078,1,1.29,7.5,1.0,0.5,0.0,0.0,,9.3,2,,,1,0.3
2,2015-02-24 16:59:01.000000 UTC,2015-02-24 16:59:46.000000 UTC,N,1,-73.993606567382812,40.732841491699219,-73.993461608886719,40.732772827148438,1,0.0,2.5,1.0,0.5,0.0,0.0,,4.3,2,,,1,0.3
2,2015-04-01 20:25:45.000000 UTC,2015-04-01 20:27:18.000000 UTC,N,1,-73.9980239868164,40.745803833007812,-73.998008728027344,40.745807647705078,2,10.36,29.0,0.5,0.5,0.0,0.0,,30.3,1,,,1,0.3
2,2015-10-16 19:28:53.000000 UTC,2015-10-16 19:42:42.000000 UTC,N,1,-73.985610961914062,40.7622184753418,-73.980033874511719,40.753612518310547,1,0.94,9.5,1.0,0.5,0.0,0.0,,11.3,2,,,1,0.3
2,2015-01-24 23:06:48.000000 UTC,2015-01-24 23:15:20.000000 UTC,N,1,-73.98309326171875,40.722461700439453,-73.975021362304688,40.733001708984375,1,1.03,7.5,0.5,0.5,1.76,0.0,,10.56,1,,,1,0.3
2,2015-04-27 21:05:45.000000 UTC,2015-04-27 21:05:52.000000 UTC,N,1,-73.983146667480469,40.762134552001953,-73.982749938964844,40.761981964111328,1,3.6,11.5,0.5,0.5,0.0,0.0,,12.8,2,,,1,0.3
2,2015-02-15 23:04:45.000000 UTC,2015-02-15 23:12:41.000000 UTC,N,1,-74.003654479980469,40.741806030273438,-73.995857238769531,40.749271392822266,1,0.74,7.0,0.5,0.5,1.66,0.0,,9.96,1,,,1,0.3
2,2015-07-24 17:59:27.000000 UTC,2015-07-24 17:59:27.000000 UTC,N,5,-73.971122741699219,40.755702972412109,-73.971115112304688,40.755687713623047,1,0.0,30.0,0.0,0.0,0.0,0.0,,30.3,1,,,1,0.3
2,2015-04-18 13:00:22.000000 UTC,2015-04-18 13:02:20.000000 UTC,N,1,-73.986404418945312,40.742351531982422,-73.9803695678711,40.738468170166016,1,0.49,3.5,0.0,0.5,0.0,0.0,,4.3,2,,,1,0.3
1,2015-03-02 10:12:51.000000 UTC,2015-03-02 10:12:54.000000 UTC,N,1,-73.995048522949219,40.740032196044922,-73.995063781738281,40.740016937255859,1,5.3,23.0,0.0,0.5,5.95,0.0,,29.75,1,,,1,0.3
2,2015-12-06 14:13:14.000000 UTC,2015-12-06 14:14:31.000000 UTC,N,1,-73.986244201660156,40.761089324951172,-73.983428955078125,40.759552001953125,1,0.18,3.0,0.0,0.5,0.0,0.0,,3.8,2,,,1,0.3
2,2015-03-29 23:34:04.000000 UTC,2015-03-29 23:38:15.000000 UTC,N,1,-73.990097045898438,40.746490478515625,-73.9842300415039,40.759628295898438,1,1.1,5.5,0.5,0.5,1.0,0.0,,7.8,1,,,1,0.3
2,2015-05-08 01:21:04.000000 UTC,2015-05-08 01:22:32.000000 UTC,N,5,-73.9927749633789,40.752609252929688,-73.993011474609375,40.752822875976562,1,0.0,50.0,0.0,0.0,0.0,0.0,,50.3,2,,,1,0.3
1,2015-12-12 17:48:18.000000 UTC,2015-12-12 17:48:21.000000 UTC,N,1,-73.972297668457031,40.765232086181641,-73.972305297851562,40.765228271484375,1,2.2,13.0,0.0,0.5,2.75,0.0,,16.55,1,,,1,0.3
1,2015-11-05 14:18:23.000000 UTC,2015-11-05 14:18:26.000000 UTC,Y,1,-73.9791488647461,40.728187561035156,-73.9791488647461,40.728187561035156,1,5.9,27.5,0.0,0.5,0.0,0.0,,28.3,2,,,1,0.3
2,2015-02-22 14:56:40.000000 UTC,2015-02-22 15:13:02.000000 UTC,N,1,-73.995033264160156,40.725143432617188,-73.974540710449219,40.762115478515625,1,3.33,13.5,0.0,0.5,0.0,0.0,,14.3,2,,,1,0.3
2,2015-04-11 03:03:01.000000 UTC,2015-04-11 03:14:23.000000 UTC,N,1,-74.008415222167969,40.7357292175293,-73.988327026367188,40.750102996826172,1,2.23,10.0,0.5,0.5,2.26,0.0,,13.56,1,,,1,0.3
2,2015-07-07 21:30:06.000000 UTC,2015-07-07 21:30:19.000000 UTC,N,1,-73.971878051757812,40.762027740478516,-73.9721908569336,40.761798858642578,1,3.59,14.5,0.5,0.5,3.16,0.0,,18.96,1,,,1,0.3
1,2015-03-22 04:48:33.000000 UTC,2015-03-22 04:58:23.000000 UTC,N,1,-73.994438171386719,40.771652221679688,-74.0017318725586,40.748382568359375,1,2.1,9.5,0.5,0.5,0.0,0.0,,10.8,2,,,1,0.3
1,2015-05-22 09:02:39.000000 UTC,2015-05-22 09:02:51.000000 UTC,N,1,-73.985809326171875,40.7490234375,-73.985298156738281,40.748748779296875,1,4.0,2.5,0.0,0.5,0.0,0.0,,3.3,4,,,1,0.3
2,2015-02-08 03:18:06.000000 UTC,2015-02-08 03:18:11.000000 UTC,N,2,-74.004814147949219,40.747920989990234,-74.005607604980469,40.748287200927734,1,0.0,52.0,0.0,0.5,0.0,0.0,,52.8,2,,,1,0.3
2,2015-11-05 08:04:39.000000 UTC,2015-11-05 08:04:58.000000 UTC,N,1,-73.991439819335938,40.722663879394531,-73.991371154785156,40.722797393798828,1,2.63,9.0,0.0,0.5,1.96,0.0,,11.76,1,,,1,0.3
2,2015-02-10 19:28:16.000000 UTC,2015-02-10 19:35:33.000000 UTC,N,1,-73.991607666015625,40.726886749267578,-73.982376098632812,40.727676391601562,1,0.66,6.0,1.0,0.5,0.0,0.0,,7.8,2,,,1,0.3
1,2015-05-30 09:59:21.000000 UTC,2015-05-30 09:59:31.000000 UTC,N,1,-74.0050048828125,40.7296142578125,-74.0050048828125,40.7296142578125,1,7.5,26.5,0.0,0.5,0.0,0.0,,27.3,2,,,1,0.3
2,2015-08-16 23:17:23.000000 UTC,2015-08-16 23:24:18.000000 UTC,N,1,-74.000114440917969,40.731132507324219,-73.988319396972656,40.72406005859375,1,0.86,6.5,0.5,0.5,1.56,0.0,,9.36,1,,,1,0.3
2,2015-02-04 15:54:15.000000 UTC,2015-02-04 15:58:04.000000 UTC,N,1,-73.999763488769531,40.726837158203125,-73.994033813476562,40.7285270690918,1,0.42,4.0,0.0,0.5,0.0,0.0,,4.8,2,,,1,0.3
2,2015-02-03 18:04:55.000000 UTC,2015-02-03 18:10:56.000000 UTC,N,1,-73.9852066040039,40.724102020263672,-73.989097595214844,40.7299919128418,1,0.65,5.5,1.0,0.5,0.0,0.0,,7.3,2,,,1,0.3
2,2015-10-12 08:25:26.000000 UTC,2015-10-12 08:25:42.000000 UTC,N,5,-73.999649047851562,40.754196166992188,-73.999740600585938,40.754264831542969,1,0.0,30.0,0.0,0.0,0.0,0.0,,30.3,1,,,1,0.3
1,2015-05-11 15:56:57.000000 UTC,2015-05-11 15:56:58.000000 UTC,N,1,-74.008354187011719,40.7298583984375,-74.008346557617188,40.729885101318359,1,4.0,21.0,0.0,0.5,4.35,0.0,,26.15,1,,,1,0.3
2,2015-03-01 03:26:43.000000 UTC,2015-03-01 03:28:12.000000 UTC,N,1,-74.003913879394531,40.721828460693359,-74.000785827636719,40.720966339111328,1,0.16,3.0,0.5,0.5,0.0,0.0,,4.3,2,,,1,0.3
1,2015-04-16 22:03:38.000000 UTC,2015-04-16 22:03:41.000000 UTC,N,1,-73.988021850585938,40.743698120117188,-73.987960815429688,40.743675231933594,1,4.3,16.5,0.5,0.5,0.0,0.0,,17.8,4,,,1,0.3
1,2015-10-23 23:55:45.000000 UTC,2015-10-23 23:56:33.000000 UTC,N,1,-73.9736099243164,40.760124206542969,-73.972084045410156,40.762874603271484,1,0.2,3.0,0.5,0.5,0.0,0.0,,4.3,2,,,1,0.3
2,2015-02-06 21:40:05.000000 UTC,2015-02-06 21:48:28.000000 UTC,N,1,-73.99847412109375,40.720706939697266,-74.002403259277344,40.728080749511719,1,1.01,7.0,0.5,0.5,0.0,0.0,,8.3,2,,,1,0.3
2,2015-04-12 03:43:10.000000 UTC,2015-04-12 03:58:26.000000 UTC,N,1,-73.9992904663086,40.721641540527344,-74.003379821777344,40.751480102539062,1,3.04,11.5,0.5,0.5,0.0,0.0,,12.8,1,,,1,0.3
2,2015-06-06 21:41:34.000000 UTC,2015-06-06 21:58:43.000000 UTC,N,1,-73.98797607421875,40.762813568115234,-73.977188110351562,40.743022918701172,1,2.05,12.0,0.5,0.5,0.0,0.0,,13.3,2,,,1,0.3
1,2015-06-03 15:47:11.000000 UTC,2015-06-03 15:47:18.000000 UTC,N,1,-74.006782531738281,40.723194122314453,-74.006500244140625,40.722461700439453,1,8.4,2.5,0.0,0.5,0.0,0.0,,3.3,3,,,1,0.3
2,2015-02-06 19:08:47.000000 UTC,2015-02-06 19:13:48.000000 UTC,N,1,-73.992919921875,40.767318725585938,-73.988906860351562,40.773513793945312,2,0.7,5.5,1.0,0.5,0.0,0.0,,7.3,2,,,1,0.3
2,2015-11-26 03:46:28.000000 UTC,2015-11-26 03:46:52.000000 UTC,N,1,-73.967330932617188,40.756401062011719,-73.968269348144531,40.7553825378418,1,5.5,16.0,0.5,0.5,3.46,0.0,,20.76,1,,,1,0.3
1,2015-05-10 15:20:11.000000 UTC,2015-05-10 15:20:12.000000 UTC,N,1,-73.991775512695312,40.751461029052734,-73.991790771484375,40.751468658447266,2,6.3,26.5,0.0,0.5,8.15,0.0,,35.45,1,,,1,0.3
2,2015-02-28 23:00:40.000000 UTC,2015-02-28 23:07:07.000000 UTC,N,1,-74.006637573242188,40.743984222412109,-73.9936294555664,40.7415657043457,1,0.86,6.0,0.5,0.5,1.0,0.0,,8.3,1,,,1,0.3
1,2015-05-27 19:53:36.000000 UTC,2015-05-27 19:53:40.000000 UTC,N,1,-73.991439819335938,40.719505310058594,-73.991317749023438,40.719463348388672,1,8.6,28.5,1.0,0.5,0.0,0.0,,30.3,4,,,1,0.3
1,2015-02-19 09:00:22.000000 UTC,2015-02-19 09:17:29.000000 UTC,N,1,-73.9796142578125,40.735305786132812,-73.971305847167969,40.758750915527344,1,2.0,12.5,0.0,0.5,1.5,0.0,,14.8,1,,,1,0.3
2,2015-03-22 01:53:21.000000 UTC,2015-03-22 02:04:52.000000 UTC,N,1,-73.986068725585938,40.722263336181641,-73.968704223632812,40.753990173339844,1,2.63,11.0,0.5,0.5,2.46,0.0,,14.76,1,,,1,0.3
2,2015-04-09 19:17:59.000000 UTC,2015-04-09 19:39:17.000000 UTC,N,1,-73.985359191894531,40.752754211425781,-73.982994079589844,40.771697998046875,1,1.88,10.0,1.0,0.5,0.0,0.0,,11.8,2,,,1,0.3
1,2015-01-15 16:03:55.000000 UTC,2015-01-15 16:03:58.000000 UTC,N,1,-74.003173828125,40.7563591003418,-74.003105163574219,40.756320953369141,1,5.4,21.0,0.0,0.5,0.0,0.0,,21.8,1,,,1,0.3
2,2015-02-05 17:33:41.000000 UTC,2015-02-05 17:45:23.000000 UTC,N,1,-73.983657836914062,40.72930908203125,-73.99029541015625,40.719486236572266,1,1.56,9.0,1.0,0.5,2.16,0.0,,12.96,1,,,1,0.3
1,2015-07-29 02:13:05.000000 UTC,2015-07-29 02:13:08.000000 UTC,N,1,-73.979843139648438,40.725982666015625,-73.979843139648438,40.725978851318359,1,9.2,28.5,0.5,0.5,0.0,0.0,,29.8,2,,,1,0.3
1,2015-09-19 18:58:28.000000 UTC,2015-09-19 18:58:31.000000 UTC,N,1,-74.006759643554688,40.753627777099609,-74.00677490234375,40.753643035888672,1,7.7,30.0,0.0,0.5,0.0,0.0,,30.8,3,,,1,0.3
2,2015-11-01 18:37:15.000000 UTC,2015-11-01 18:37:24.000000 UTC,N,1,-73.981040954589844,40.7535285949707,-73.981048583984375,40.753532409667969,1,11.92,39.5,0.0,0.5,0.0,0.0,,40.3,2,,,1,0.3
2,2015-08-22 17:43:15.000000 UTC,2015-08-22 17:43:18.000000 UTC,N,1,-73.9892807006836,40.719047546386719,-73.989288330078125,40.719051361083984,1,2.24,8.0,0.0,0.5,1.76,0.0,,10.56,1,,,1,0.3
1,2015-03-21 19:57:52.000000 UTC,2015-03-21 19:57:58.000000 UTC,N,1,-73.985557556152344,40.756301879882812,-73.985549926757812,40.756332397460938,1,5.0,20.0,0.0,0.5,0.0,0.0,,20.8,2,,,1,0.3
2,2015-03-27 01:13:46.000000 UTC,2015-03-27 01:14:04.000000 UTC,N,1,-73.973861694335938,40.742576599121094,-73.9739761352539,40.742698669433594,1,6.02,25.5,0.5,0.5,0.0,0.0,,26.8,1,,,1,0.3
1,2015-09-19 19:47:00.000000 UTC,2015-09-19 19:47:02.000000 UTC,N,1,-73.993949890136719,40.720535278320312,-73.9939193725586,40.7205924987793,1,4.1,18.5,0.0,0.5,4.0,0.0,,23.3,1,,,1,0.3
2,2015-08-09 07:25:49.000000 UTC,2015-08-09 07:26:51.000000 UTC,N,1,-73.988723754882812,40.758865356445312,-73.988655090332031,40.75933837890625,1,6.93,20.0,0.0,0.5,0.0,0.0,,20.8,2,,,1,0.3
2,2015-04-05 03:34:15.000000 UTC,2015-04-05 03:54:58.000000 UTC,N,1,-73.988784790039062,40.729038238525391,-73.991523742675781,40.767982482910156,1,4.46,17.0,0.5,0.5,3.66,0.0,,21.96,1,,,1,0.3
2,2015-05-08 01:08:36.000000 UTC,2015-05-08 01:13:35.000000 UTC,N,1,-73.988937377929688,40.746341705322266,-73.992828369140625,40.752456665039062,1,0.66,5.0,0.5,0.5,0.0,0.0,,6.3,2,,,1,0.3
2,2015-03-09 23:30:03.000000 UTC,2015-03-09 23:30:09.000000 UTC,N,1,-73.987297058105469,40.727703094482422,-73.9873046875,40.727687835693359,1,4.52,15.5,0.5,0.5,3.36,0.0,,20.16,1,,,1,0.3
2,2015-07-30 12:07:01.000000 UTC,2015-07-30 12:07:32.000000 UTC,N,1,-73.987266540527344,40.723651885986328,-73.987762451171875,40.723869323730469,1,3.87,12.0,0.0,0.5,0.0,0.0,,12.8,2,,,1,0.3
2,2015-01-30 02:54:21.000000 UTC,2015-01-30 02:54:33.000000 UTC,N,2,-73.987899780273438,40.721168518066406,-73.987709045410156,40.720798492431641,1,0.04,52.0,0.0,0.5,0.0,0.0,,52.8,2,,,1,0.3
2,2015-05-11 04:33:44.000000 UTC,2015-05-11 04:33:53.000000 UTC,N,5,-73.983161926269531,40.766445159912109,-73.983070373535156,40.766387939453125,0,0.0,8.0,0.0,0.5,0.0,0.0,,8.8,2,,,1,0.3
2,2015-08-30 12:43:00.000000 UTC,2015-08-30 12:43:02.000000 UTC,N,1,-73.984062194824219,40.731937408447266,-73.9841079711914,40.731880187988281,6,6.06,25.5,0.0,0.5,2.0,0.0,,28.3,1,,,1,0.3
2,2015-01-03 11:33:32.000000 UTC,2015-01-03 11:33:44.000000 UTC,N,1,-73.989311218261719,40.740478515625,-73.989425659179688,40.740520477294922,1,5.32,19.5,0.0,0.5,3.9,0.0,,24.2,1,,,1,0.3
2,2015-07-02 23:06:25.000000 UTC,2015-07-02 23:06:30.000000 UTC,N,1,-73.985427856445312,40.723789215087891,-73.985427856445312,40.723789215087891,1,10.39,30.5,0.5,0.5,0.0,0.0,,31.8,2,,,1,0.3
1,2015-03-23 17:30:18.000000 UTC,2015-03-23 17:30:24.000000 UTC,N,1,-73.977699279785156,40.738109588623047,-73.97772216796875,40.738094329833984,1,6.2,22.0,1.0,0.5,0.0,0.0,,23.8,2,,,1,0.3
2,2015-12-05 16:38:52.000000 UTC,2015-12-05 16:38:59.000000 UTC,N,5,-73.982131958007812,40.754150390625,-73.982131958007812,40.754154205322266,1,0.0,21.8,0.0,0.0,5.52,0.0,,27.62,1,,,1,0.3
2,2015-05-02 14:43:38.000000 UTC,2015-05-02 15:28:51.000000 UTC,N,1,-73.9953842163086,40.728168487548828,-73.995445251464844,40.728221893310547,1,6.08,25.5,0.0,0.5,0.0,5.54,,31.84,2,,,1,0.3
2,2015-09-05 22:31:05.000000 UTC,2015-09-05 22:53:36.000000 UTC,N,1,-73.99859619140625,40.764095306396484,-73.98565673828125,40.757289886474609,1,1.01,14.0,0.5,0.5,3.06,0.0,,18.36,1,,,1,0.3
1,2015-09-11 00:53:19.000000 UTC,2015-09-11 00:53:23.000000 UTC,N,1,-73.997421264648438,40.7468147277832,-73.997428894042969,40.7468147277832,1,6.7,23.0,0.5,0.5,4.0,0.0,,28.3,1,,,1,0.3
2,2015-06-07 03:42:19.000000 UTC,2015-06-07 03:45:19.000000 UTC,N,1,-73.998626708984375,40.733993530273438,-74.0058364868164,40.733051300048828,1,6.85,25.0,0.5,0.5,3.94,0.0,,30.24,1,,,1,0.3
2,2015-10-29 16:56:48.000000 UTC,2015-10-29 17:15:09.000000 UTC,N,1,-73.982666015625,40.764717102050781,-73.9788589477539,40.756080627441406,1,0.78,11.5,1.0,0.5,3.99,0.0,,17.29,1,,,1,0.3
1,2015-01-27 22:34:50.000000 UTC,2015-01-27 22:34:52.000000 UTC,N,1,-74.003166198730469,40.723281860351562,-74.003166198730469,40.723281860351562,2,3.6,13.5,0.5,0.5,2.95,0.0,,17.75,1,,,1,0.3
2,2015-02-21 16:34:21.000000 UTC,2015-02-21 16:35:21.000000 UTC,N,2,-73.9795150756836,40.764862060546875,-73.981887817382812,40.766410827636719,2,0.09,52.0,0.0,0.5,0.0,0.0,,52.8,2,,,1,0.3
2,2015-12-23 19:12:12.000000 UTC,2015-12-23 19:14:33.000000 UTC,N,1,-73.992828369140625,40.744911193847656,-73.992919921875,40.744926452636719,1,0.0,2.5,1.0,0.5,0.0,0.0,,4.3,2,,,1,0.3
2,2015-03-29 03:52:20.000000 UTC,2015-03-29 03:52:45.000000 UTC,N,1,-73.9999008178711,40.739578247070312,-74.000038146972656,40.739650726318359,1,4.13,13.0,0.5,0.5,2.86,0.0,,17.16,1,,,1,0.3
2,2015-03-14 22:48:08.000000 UTC,2015-03-14 23:00:09.000000 UTC,N,1,-73.991539001464844,40.744686126708984,-73.991340637207031,40.744552612304688,1,1.35,9.0,0.5,0.5,2.06,0.0,,12.36,1,,,1,0.3
2,2015-10-13 02:21:52.000000 UTC,2015-10-13 02:42:44.000000 UTC,N,5,-73.992538452148438,40.736801147460938,-73.985969543457031,40.736167907714844,0,1.68,29.5,0.0,0.5,0.0,0.0,,30.3,2,,,1,0.3
2,2015-04-25 09:53:12.000000 UTC,2015-04-25 09:54:02.000000 UTC,N,1,-73.9939956665039,40.735183715820312,-73.994033813476562,40.735157012939453,5,6.91,24.5,0.0,0.5,0.0,0.0,,25.3,2,,,1,0.3
1,2015-09-03 05:44:53.000000 UTC,2015-09-03 05:45:08.000000 UTC,N,1,-73.987640380859375,40.740909576416016,-73.987617492675781,40.7409782409668,1,6.4,22.5,0.5,0.5,2.0,0.0,,25.8,1,,,1,0.3
2,2015-01-07 16:09:41.000000 UTC,2015-01-07 16:33:29.000000 UTC,N,1,-73.978584289550781,40.766628265380859,-73.98809814453125,40.755672454833984,6,3.01,16.0,1.0,0.5,0.0,0.0,,17.8,2,,,1,0.3
2,2015-08-09 10:33:47.000000 UTC,2015-08-09 10:36:33.000000 UTC,N,1,-73.975028991699219,40.758426666259766,-73.9696273803711,40.765827178955078,1,5.97,22.5,0.0,0.5,0.0,0.0,,23.3,2,,,1,0.3
1,2015-05-10 04:07:49.000000 UTC,2015-05-10 04:10:42.000000 UTC,N,1,-73.989822387695312,40.762374877929688,-73.990394592285156,40.761470794677734,1,5.9,20.5,0.5,0.5,0.0,0.0,,21.8,2,,,1,0.3
1,2015-05-25 01:54:40.000000 UTC,2015-05-25 01:54:45.000000 UTC,N,1,-73.978759765625,40.740512847900391,-73.978744506835938,40.740524291992188,1,11.1,34.0,0.5,0.5,0.0,0.0,,35.3,2,,,1,0.3
2,2015-08-28 15:39:51.000000 UTC,2015-08-28 16:11:10.000000 UTC,N,1,-73.991195678710938,40.749416351318359,-73.991279602050781,40.748813629150391,1,4.06,21.0,0.0,0.5,0.0,0.0,,21.8,2,,,1,0.3
2,2015-02-06 15:31:15.000000 UTC,2015-02-06 15:35:57.000000 UTC,N,1,-73.979774475097656,40.751834869384766,-73.976577758789062,40.759281158447266,1,0.58,5.0,0.0,0.5,1.16,0.0,,6.96,1,,,1,0.3
2,2015-02-13 18:28:55.000000 UTC,2015-02-13 18:33:22.000000 UTC,N,1,-73.978271484375,40.765018463134766,-73.981597900390625,40.766410827636719,1,0.19,4.5,1.0,0.5,0.0,0.0,,6.3,2,,,1,0.3
2,2015-10-03 01:30:29.000000 UTC,2015-10-03 01:40:01.000000 UTC,N,1,-74.005805969238281,40.72503662109375,-73.990127563476562,40.719017028808594,1,1.28,7.5,0.5,0.5,1.76,0.0,,10.56,1,,,1,0.3
1,2015-04-21 09:52:35.000000 UTC,2015-04-21 09:52:52.000000 UTC,N,1,-74.007568359375,40.751777648925781,-74.007568359375,40.751777648925781,1,7.3,35.0,0.0,0.5,7.15,0.0,,42.95,1,,,1,0.3
2,2015-04-17 21:04:49.000000 UTC,2015-04-17 21:05:20.000000 UTC,N,1,-73.975883483886719,40.750907897949219,-73.976043701171875,40.750774383544922,1,3.13,10.5,0.5,0.5,7.0,0.0,,18.8,1,,,1,0.3
2,2015-01-20 06:43:08.000000 UTC,2015-01-20 06:43:44.000000 UTC,N,5,-73.994911193847656,40.7501220703125,-73.994140625,40.751361846923828,1,5.99,20.0,0.0,0.0,0.0,0.0,,20.0,2,,,2,0.0
1,2015-03-15 18:55:52.000000 UTC,2015-03-15 18:56:11.000000 UTC,N,1,-74.008003234863281,40.752021789550781,-74.008499145507812,40.750297546386719,1,0.1,2.5,1.0,0.5,0.0,0.0,,4.3,3,,,1,0.3
1,2015-05-30 12:20:33.000000 UTC,2015-05-30 12:29:12.000000 UTC,N,1,-73.976226806640625,40.744857788085938,-74.000129699707031,40.725471496582031,1,2.2,9.0,0.0,0.5,0.0,0.0,,9.8,2,,,1,0.3
1,2015-06-07 01:22:12.000000 UTC,2015-06-07 01:22:18.000000 UTC,N,1,-73.993179321289062,40.722972869873047,-73.993179321289062,40.722976684570312,1,8.0,2.5,0.5,0.5,0.0,0.0,,3.8,2,,,1,0.3
1,2015-11-22 02:52:32.000000 UTC,2015-11-22 02:52:35.000000 UTC,N,1,-73.993881225585938,40.72076416015625,-73.993881225585938,40.720767974853516,1,2.7,12.0,0.5,0.5,0.0,0.0,,13.3,2,,,1,0.3
2,2015-07-06 16:47:22.000000 UTC,2015-07-06 16:58:06.000000 UTC,N,1,-73.999313354492188,40.76348876953125,-73.988388061523438,40.757183074951172,1,6.49,23.5,1.0,0.5,4.4,0.0,,29.7,1,,,1,0.3
1,2015-08-30 14:06:48.000000 UTC,2015-08-30 14:06:55.000000 UTC,N,1,-73.982696533203125,40.727108001708984,-73.982681274414062,40.727142333984375,1,2.7,16.0,0.0,0.5,0.0,0.0,,16.8,2,,,1,0.3
1,2015-06-16 14:34:16.000000 UTC,2015-06-16 14:34:38.000000 UTC,N,1,-73.990959167480469,40.757884979248047,-73.991569519042969,40.758098602294922,1,7.3,23.5,0.0,0.5,0.0,0.0,,24.3,2,,,1,0.3
2,2015-11-14 01:10:34.000000 UTC,2015-11-14 01:10:36.000000 UTC,N,5,-74.012298583984375,40.773117065429688,-74.01239013671875,40.773162841796875,2,0.0,95.0,0.0,0.0,0.0,0.0,,95.0,1,,,2,0.0
2,2015-06-19 05:55:28.000000 UTC,2015-06-19 05:55:47.000000 UTC,N,1,-73.9913558959961,40.7576789855957,-73.98809814453125,40.756198883056641,1,0.06,2.5,0.5,0.5,0.0,0.0,,3.8,2,,,1,0.3
1,2015-02-06 10:54:08.000000 UTC,2015-02-06 10:54:17.000000 UTC,N,1,-74.0009994506836,40.757320404052734,-74.0011215209961,40.7571907043457,1,5.6,28.5,0.0,0.5,0.0,0.0,,29.3,3,,,1,0.3
1,2015-12-22 09:54:02.000000 UTC,2015-12-22 09:54:05.000000 UTC,N,1,-73.984527587890625,40.767753601074219,-73.984481811523438,40.76776123046875,1,6.0,24.0,0.0,0.5,4.95,0.0,,29.75,1,,,1,0.3
1,2015-06-16 18:16:01.000000 UTC,2015-06-16 18:16:08.000000 UTC,N,1,-74.003402709960938,40.721477508544922,-74.00341796875,40.721485137939453,1,3.8,21.5,1.0,0.5,0.0,0.0,,23.3,3,,,1,0.3
2,2015-08-25 08:03:18.000000 UTC,2015-08-25 08:03:21.000000 UTC,N,1,-73.98388671875,40.769638061523438,-73.98388671875,40.769668579101562,1,4.16,18.0,0.0,0.5,3.0,0.0,,21.8,1,,,1,0.3
1,2015-03-21 19:56:36.000000 UTC,2015-03-21 19:57:33.000000 UTC,N,1,-73.984817504882812,40.755840301513672,-73.985404968261719,40.756389617919922,1,5.0,20.0,0.0,0.5,0.0,0.0,,20.8,2,,,1,0.3
1,2015-08-08 21:50:17.000000 UTC,2015-08-08 21:51:44.000000 UTC,N,1,-73.987579345703125,40.733470916748047,-73.987579345703125,40.733467102050781,1,2.6,3.0,0.5,0.5,0.0,0.0,,4.3,2,,,1,0.3
1,2015-02-21 10:53:43.000000 UTC,2015-02-21 10:53:45.000000 UTC,N,1,-73.97210693359375,40.762191772460938,-73.97210693359375,40.7622184753418,1,7.5,27.0,0.0,0.5,2.2,0.0,,30.0,1,,,1,0.3
2,2015-03-14 22:43:50.000000 UTC,2015-03-14 22:59:49.000000 UTC,N,1,-73.987472534179688,40.763786315917969,-74.0005874633789,40.7425537109375,1,1.81,11.0,0.5,0.5,3.69,0.0,,15.99,1,,,1,0.3
1,2015-11-23 18:21:48.000000 UTC,2015-11-23 18:24:59.000000 UTC,N,1,-73.993583679199219,40.7618293762207,-73.9935531616211,40.761787414550781,2,4.5,24.0,1.0,0.5,1.0,0.0,,26.8,1,,,1,0.3
2,2015-03-13 23:19:57.000000 UTC,2015-03-13 23:38:02.000000 UTC,N,1,-73.983634948730469,40.726036071777344,-73.983413696289062,40.7261962890625,1,3.06,10.0,0.5,0.5,0.0,0.0,,11.3,2,,,1,0.3
1,2015-01-07 21:19:53.000000 UTC,2015-01-07 21:22:15.000000 UTC,N,1,-73.982841491699219,40.749172210693359,-73.9876480102539,40.74462890625,1,0.5,3.5,0.0,0.5,0.0,0.0,,4.3,2,,,1,0.3
2,2015-11-06 19:47:52.000000 UTC,2015-11-06 19:51:02.000000 UTC,N,1,-73.990959167480469,40.719528198242188,-73.9909439086914,40.719505310058594,3,4.93,28.5,1.0,0.5,0.0,0.0,,30.3,2,,,1,0.3
1,2015-11-20 18:04:31.000000 UTC,2015-11-20 18:04:32.000000 UTC,N,1,-73.980171203613281,40.730377197265625,-73.980209350585938,40.730384826660156,1,5.8,25.5,1.0,0.5,0.0,0.0,,27.3,1,,,1,0.3
1,2015-07-23 19:38:01.000000 UTC,2015-07-23 19:39:18.000000 UTC,N,1,-73.989875793457031,40.734554290771484,-73.990760803222656,40.734783172607422,1,5.4,21.0,1.0,0.5,4.55,0.0,,27.35,1,,,1,0.3
2,2015-01-23 11:13:54.000000 UTC,2015-01-23 11:27:50.000000 UTC,N,1,-73.995452880859375,40.724891662597656,-73.989837646484375,40.732048034667969,1,2.78,13.0,0.0,0.5,0.0,0.0,,13.8,2,,,1,0.3
1,2015-02-21 04:22:56.000000 UTC,2015-02-21 04:23:00.000000 UTC,N,1,-73.978065490722656,40.735668182373047,-73.97802734375,40.735603332519531,1,5.2,17.0,0.5,0.5,0.0,0.0,,18.3,2,,,1,0.3
2,2015-10-17 00:11:22.000000 UTC,2015-10-17 00:16:34.000000 UTC,N,1,-73.984809875488281,40.754856109619141,-73.998451232910156,40.760005950927734,1,0.8,5.5,0.5,0.5,1.0,0.0,,7.8,1,,,1,0.3
2,2015-04-10 22:30:33.000000 UTC,2015-04-10 22:49:46.000000 UTC,N,1,-74.0032730102539,40.727573394775391,-73.9779052734375,40.748741149902344,1,2.52,13.5,0.5,0.5,2.96,0.0,,17.76,1,,,1,0.3
2,2015-08-05 08:39:13.000000 UTC,2015-08-05 08:40:13.000000 UTC,N,1,-73.996009826660156,40.726394653320312,-73.996139526367188,40.726356506347656,1,3.62,12.0,0.0,0.5,2.56,0.0,,15.36,1,,,1,0.3
2,2015-10-02 22:43:01.000000 UTC,2015-10-02 23:43:07.000000 UTC,N,1,-73.975578308105469,40.770500183105469,-74.004547119140625,40.740554809570312,1,6.3,25.5,0.5,0.5,0.0,0.0,,26.8,2,,,1,0.3
2,2015-02-28 01:55:42.000000 UTC,2015-02-28 01:56:52.000000 UTC,N,1,-74.005256652832031,40.740970611572266,-74.005355834960938,40.7409553527832,3,5.79,19.5,0.5,0.5,0.0,5.33,,26.13,1,,,1,0.3
2,2015-05-30 07:55:33.000000 UTC,2015-05-30 07:55:49.000000 UTC,N,1,-74.0044937133789,40.725578308105469,-74.004425048828125,40.725566864013672,1,6.85,19.5,0.0,0.5,4.06,0.0,,24.36,1,,,1,0.3
2,2015-06-19 05:55:28.000000 UTC,2015-06-19 05:55:47.000000 UTC,N,1,-73.9913558959961,40.7576789855957,-73.98809814453125,40.756198883056641,1,0.06,-2.5,-0.5,-0.5,0.0,0.0,,-3.8,4,,,1,-0.3
1,2015-02-05 09:45:56.000000 UTC,2015-02-05 09:46:11.000000 UTC,N,1,-73.987228393554688,40.7443733215332,-73.9872055053711,40.744308471679688,1,8.0,29.0,0.0,0.5,2.0,5.33,,37.13,1,,,1,0.3
2,2015-03-14 01:37:51.000000 UTC,2015-03-14 01:38:19.000000 UTC,N,1,-73.993171691894531,40.74151611328125,-73.992996215820312,40.741298675537109,1,7.27,20.5,0.5,0.5,0.0,0.0,,21.8,2,,,1,0.3
1,2015-05-01 11:40:19.000000 UTC,2015-05-01 11:40:23.000000 UTC,N,1,-73.981986999511719,40.736431121826172,-73.981986999511719,40.736431121826172,1,4.0,17.5,0.0,0.5,1.0,0.0,,19.3,1,,,1,0.3
2,2015-01-18 21:39:35.000000 UTC,2015-01-18 21:49:51.000000 UTC,N,1,-73.994247436523438,40.741775512695312,-73.9959487915039,40.72271728515625,1,2.08,9.0,0.5,0.5,1.9,0.0,,12.2,1,,,1,0.3
1,2015-07-07 18:47:02.000000 UTC,2015-07-07 18:48:08.000000 UTC,N,1,-73.987907409667969,40.747505187988281,-73.987808227539062,40.74761962890625,1,5.0,22.0,1.0,0.5,4.75,0.0,,28.55,1,,,1,0.3
1,2015-11-12 19:09:18.000000 UTC,2015-11-12 19:09:21.000000 UTC,N,1,-74.008148193359375,40.747882843017578,-74.008171081542969,40.747859954833984,1,4.7,26.5,1.0,0.5,6.75,5.54,,40.59,1,,,1,0.3
1,2015-06-20 00:25:16.000000 UTC,2015-06-20 00:25:24.000000 UTC,N,1,-73.968887329101562,40.758335113525391,-73.968925476074219,40.7583122253418,1,4.1,15.0,0.5,0.5,0.0,0.0,,16.3,2,,,1,0.3
2,2015-10-13 14:07:27.000000 UTC,2015-10-13 14:07:32.000000 UTC,N,5,-73.974441528320312,40.7503776550293,-73.975051879882812,40.750125885009766,1,0.02,19.0,0.0,0.0,3.86,0.0,,23.16,1,,,1,0.3
2,2015-10-16 14:13:23.000000 UTC,2015-10-16 14:34:49.000000 UTC,N,1,-73.968055725097656,40.771133422851562,-73.990837097167969,40.750518798828125,1,2.22,14.0,0.0,0.5,4.44,0.0,,19.24,1,,,1,0.3
2,2015-04-04 03:02:05.000000 UTC,2015-04-04 03:04:12.000000 UTC,N,1,-73.984260559082031,40.727203369140625,-73.9852066040039,40.723785400390625,1,0.23,3.0,0.5,0.5,0.0,0.0,,4.3,2,,,1,0.3
2,2015-03-16 19:20:33.000000 UTC,2015-03-16 19:21:56.000000 UTC,N,1,-73.993637084960938,40.72100830078125,-73.994491577148438,40.719337463378906,1,0.19,3.0,1.0,0.5,0.0,0.0,,4.8,2,,,1,0.3
1,2015-09-13 02:23:58.000000 UTC,2015-09-13 02:24:00.000000 UTC,N,1,-74.001029968261719,40.731651306152344,-74.001022338867188,40.731647491455078,1,3.6,16.0,0.5,0.5,1.7,0.0,,19.0,1,,,1,0.3
2,2015-04-23 22:36:55.000000 UTC,2015-04-23 22:43:18.000000 UTC,N,1,-73.981597900390625,40.724544525146484,-73.978363037109375,40.737297058105469,2,1.12,6.5,0.5,0.5,1.0,0.0,,8.8,1,,,1,0.3
2,2015-10-17 01:08:01.000000 UTC,2015-10-17 01:13:19.000000 UTC,N,1,-73.999725341796875,40.734718322753906,-73.992080688476562,40.743778228759766,1,0.79,5.0,0.5,0.5,0.0,0.0,,6.3,1,,,1,0.3
2,2015-12-05 20:55:20.000000 UTC,2015-12-05 20:56:38.000000 UTC,N,1,-74.00274658203125,40.749191284179688,-74.004219055175781,40.751163482666016,1,5.15,22.0,0.5,0.5,0.0,5.54,,28.84,1,,,1,0.3
1,2015-03-25 16:49:16.000000 UTC,2015-03-25 16:49:20.000000 UTC,N,1,-73.993049621582031,40.722557067871094,-73.9930419921875,40.722560882568359,1,6.7,23.5,0.0,0.5,0.0,0.0,,24.3,4,,,1,0.3
1,2015-10-11 04:24:25.000000 UTC,2015-10-11 04:24:30.000000 UTC,N,1,-73.997016906738281,40.72247314453125,-73.997024536132812,40.722461700439453,1,5.2,16.0,0.5,0.5,3.45,0.0,,20.75,1,,,1,0.3
2,2015-01-31 16:19:57.000000 UTC,2015-01-31 16:20:07.000000 UTC,N,1,-73.973670959472656,40.761524200439453,-73.972671508789062,40.761539459228516,3,0.0,2.5,0.0,0.5,0.0,0.0,,3.3,2,,,1,0.3
2,2015-02-28 19:42:08.000000 UTC,2015-02-28 19:44:17.000000 UTC,N,1,-74.002914428710938,40.733463287353516,-74.004570007324219,40.730476379394531,1,0.27,3.5,0.0,0.5,0.0,0.0,,4.3,2,,,1,0.3
1,2015-10-06 16:08:28.000000 UTC,2015-10-06 16:08:31.000000 UTC,N,1,-73.980476379394531,40.754096984863281,-73.98052978515625,40.754077911376953,1,9.7,37.5,0.0,0.5,0.0,0.0,,38.3,2,,,1,0.3
1,2015-09-28 06:14:22.000000 UTC,2015-09-28 06:14:25.000000 UTC,N,1,-73.981796264648438,40.764572143554688,-73.981796264648438,40.764572143554688,1,7.3,24.5,0.5,0.5,5.0,0.0,,30.8,1,,,1,0.3
1,2015-09-17 20:53:20.000000 UTC,2015-09-17 20:53:47.000000 UTC,N,1,-73.985145568847656,40.724452972412109,-73.985115051269531,40.7244758605957,1,3.1,12.5,0.5,0.5,3.45,0.0,,17.25,1,,,1,0.3
1,2015-07-19 15:12:08.000000 UTC,2015-07-19 15:12:11.000000 UTC,N,1,-73.9733657836914,40.760269165039062,-73.9732894897461,40.760261535644531,1,3.6,14.0,0.0,0.5,2.95,0.0,,17.75,1,,,1,0.3
2,2015-02-12 20:58:24.000000 UTC,2015-02-12 21:11:29.000000 UTC,N,1,-74.009750366210938,40.737251281738281,-73.985359191894531,40.763523101806641,1,3.34,12.5,0.5,0.5,0.0,0.0,,13.8,1,,,1,0.3
2,2015-05-21 19:06:07.000000 UTC,2015-05-21 19:22:59.000000 UTC,N,1,-73.968299865722656,40.770805358886719,-73.9822006225586,40.767997741699219,1,2.56,13.0,1.0,0.5,1.75,0.0,,16.55,1,,,1,0.3
1,2015-10-07 10:21:27.000000 UTC,2015-10-07 10:21:31.000000 UTC,N,1,-73.977325439453125,40.736679077148438,-73.977340698242188,40.736671447753906,1,6.6,23.0,0.0,0.5,4.75,0.0,,28.55,1,,,1,0.3
2,2015-09-15 02:41:25.000000 UTC,2015-09-15 02:42:04.000000 UTC,N,1,-73.98248291015625,40.763984680175781,-73.982490539550781,40.763515472412109,1,9.27,28.5,0.5,0.5,0.0,5.54,,35.34,2,,,1,0.3
2,2015-12-09 06:37:04.000000 UTC,2015-12-09 07:00:43.000000 UTC,N,1,-73.994392395019531,40.771888732910156,-74.004478454589844,40.726531982421875,1,7.66,24.5,0.0,0.5,3.0,0.0,,28.3,1,,,1,0.3
2,2015-02-22 16:32:17.000000 UTC,2015-02-22 16:49:08.000000 UTC,N,1,-74.005165100097656,40.741733551025391,-73.979339599609375,40.7413444519043,1,2.12,12.5,0.0,0.5,0.0,0.0,,13.3,2,,,1,0.3
1,2015-02-05 07:18:28.000000 UTC,2015-02-05 07:23:36.000000 UTC,N,1,-73.986640930175781,40.757331848144531,-73.996826171875,40.762836456298828,1,0.7,5.5,0.0,0.5,0.0,0.0,,6.3,1,,,1,0.3
2,2015-02-26 20:08:40.000000 UTC,2015-02-26 20:08:54.000000 UTC,N,1,-73.977127075195312,40.758392333984375,-73.977210998535156,40.758403778076172,1,3.43,15.5,1.0,0.5,0.0,0.0,,17.3,2,,,1,0.3
1,2015-02-20 23:34:38.000000 UTC,2015-02-20 23:35:00.000000 UTC,N,1,-73.994636535644531,40.750320434570312,-73.994743347167969,40.750339508056641,1,0.0,0.0,0.0,0.0,0.0,0.0,,0.0,2,,,1,0.0
2,2015-07-04 21:09:20.000000 UTC,2015-07-04 21:09:32.000000 UTC,N,1,-73.980628967285156,40.770542144775391,-73.980552673339844,40.770481109619141,1,3.26,12.0,0.5,0.5,0.0,0.0,,13.3,2,,,1,0.3
2,2015-09-05 21:20:05.000000 UTC,2015-09-05 21:31:51.000000 UTC,N,1,-73.9742660522461,40.764663696289062,-73.983406066894531,40.762123107910156,1,2.77,11.5,0.5,0.5,1.92,0.0,,14.72,1,,,1,0.3
2,2015-07-19 06:55:46.000000 UTC,2015-07-19 07:14:46.000000 UTC,N,1,-73.972846984863281,40.764476776123047,-73.988067626953125,40.747848510742188,1,4.12,17.5,0.0,0.5,1.0,0.0,,19.3,1,,,1,0.3
1,2015-12-25 21:47:39.000000 UTC,2015-12-25 21:53:11.000000 UTC,N,1,-73.985885620117188,40.751651763916016,-73.992469787597656,40.751743316650391,1,0.9,5.5,0.5,0.5,2.0,34.0,,42.8,1,,,1,0.3
2,2015-07-02 21:42:29.000000 UTC,2015-07-02 22:02:47.000000 UTC,N,1,-73.974090576171875,40.731071472167969,-73.9736099243164,40.724327087402344,1,6.51,22.5,0.5,0.5,5.95,0.0,,29.75,1,,,1,0.3
1,2015-01-19 17:49:27.000000 UTC,2015-01-19 17:49:29.000000 UTC,N,1,-73.987380981445312,40.744461059570312,-73.987335205078125,40.744449615478516,1,3.9,15.0,0.0,0.5,4.65,0.0,,20.15,1,,,1,0.0
1,2015-06-22 10:10:58.000000 UTC,2015-06-22 10:11:01.000000 UTC,N,1,-74.0073013305664,40.728042602539062,-74.007293701171875,40.72808837890625,1,2.8,13.5,0.0,0.5,3.55,0.0,,17.85,1,,,1,0.3
2,2015-09-18 10:05:05.000000 UTC,2015-09-18 10:06:29.000000 UTC,N,1,-74.004554748535156,40.721172332763672,-74.004508972167969,40.721748352050781,1,3.83,12.5,0.0,0.5,0.0,0.0,,13.3,2,,,1,0.3
1,2015-11-20 22:30:19.000000 UTC,2015-11-20 22:30:22.000000 UTC,N,1,-73.982551574707031,40.748023986816406,-73.98236083984375,40.7479133605957,1,5.0,20.0,0.5,0.5,0.0,0.0,,21.3,3,,,1,0.3
1,2015-08-22 17:29:41.000000 UTC,2015-08-22 17:29:42.000000 UTC,N,1,-73.991874694824219,40.74920654296875,-73.991867065429688,40.749217987060547,1,7.8,26.5,0.0,0.5,4.0,0.0,,31.3,1,,,1,0.3
2,2015-10-05 10:06:57.000000 UTC,2015-10-05 10:07:09.000000 UTC,N,1,-73.9966812133789,40.747333526611328,-73.9966812133789,40.747329711914062,1,6.25,23.0,0.0,0.5,0.0,0.0,,23.8,2,,,1,0.3
2,2015-04-19 01:54:34.000000 UTC,2015-04-19 01:54:36.000000 UTC,N,1,-73.9996337890625,40.738552093505859,-74.001007080078125,40.736812591552734,1,0.03,2.5,0.5,0.5,0.0,0.0,,3.8,2,,,1,0.3
2,2015-06-21 03:56:33.000000 UTC,2015-06-21 04:29:33.000000 UTC,N,1,-73.980743408203125,40.747886657714844,-73.9773941040039,40.750385284423828,1,5.52,19.5,0.5,0.5,0.0,0.0,,20.8,2,,,1,0.3
2,2015-03-12 19:29:20.000000 UTC,2015-03-12 19:31:07.000000 UTC,N,1,-73.991630554199219,40.744480133056641,-73.9906005859375,40.7446403503418,1,0.03,3.0,1.0,0.5,0.0,0.0,,4.8,2,,,1,0.3
2,2015-03-29 03:50:52.000000 UTC,2015-03-29 04:01:40.000000 UTC,N,1,-73.99090576171875,40.719306945800781,-73.9906005859375,40.719245910644531,1,1.33,5.5,0.5,0.5,0.0,0.0,,6.8,2,,,1,0.3
1,2015-10-02 07:50:07.000000 UTC,2015-10-02 07:50:44.000000 UTC,N,1,-73.993721008300781,40.721042633056641,-73.993644714355469,40.721004486083984,1,5.2,18.0,0.0,0.5,0.0,0.0,,18.8,4,,,1,0.3
2,2015-02-15 00:36:37.000000 UTC,2015-02-15 00:36:42.000000 UTC,N,1,-73.985824584960938,40.767093658447266,-73.985809326171875,40.767112731933594,1,7.36,29.0,0.5,0.5,6.06,0.0,,36.36,1,,,1,0.3
1,2015-07-06 12:25:42.000000 UTC,2015-07-06 12:27:59.000000 UTC,N,1,-73.971641540527344,40.763290405273438,-73.9715576171875,40.7637825012207,1,0.0,4.0,0.0,0.0,0.0,0.0,,4.0,2,,,1,0.0
2,2015-02-07 19:40:10.000000 UTC,2015-02-07 19:47:20.000000 UTC,N,1,-74.003944396972656,40.750900268554688,-73.995399475097656,40.760036468505859,1,1.09,6.5,0.0,0.5,0.0,0.0,,7.3,2,,,1,0.3
1,2015-08-14 23:33:38.000000 UTC,2015-08-14 23:33:40.000000 UTC,N,1,-73.999549865722656,40.733554840087891,-73.999565124511719,40.733554840087891,1,8.6,29.0,0.5,0.5,0.0,0.0,,30.3,2,,,1,0.3
1,2015-09-02 21:28:20.000000 UTC,2015-09-02 21:31:40.000000 UTC,N,1,-73.992782592773438,40.747341156005859,-73.992866516113281,40.746963500976562,1,5.7,24.5,0.5,0.5,0.0,0.0,,25.8,2,,,1,0.3
2,2015-10-16 20:00:15.000000 UTC,2015-10-16 20:22:54.000000 UTC,N,1,-73.972763061523438,40.748908996582031,-73.990966796875,40.724014282226562,1,1.99,14.0,1.0,0.5,0.0,0.0,,15.8,1,,,1,0.3
2,2015-02-09 07:02:07.000000 UTC,2015-02-09 07:03:34.000000 UTC,N,1,-73.9886703491211,40.7435188293457,-73.988655090332031,40.7434196472168,5,8.6,26.5,0.5,0.5,0.0,0.0,,27.8,2,,,1,0.3
2,2015-03-08 01:52:10.000000 UTC,2015-03-08 01:54:09.000000 UTC,N,1,-73.992813110351562,40.720314025878906,-73.998321533203125,40.720966339111328,1,0.24,3.0,0.5,0.5,0.0,0.0,,4.3,2,,,1,0.3
2,2015-07-25 23:05:55.000000 UTC,2015-07-25 23:30:05.000000 UTC,N,1,-74.0096435546875,40.7188835144043,-74.0096435546875,40.718818664550781,1,9.22,28.0,0.5,0.5,10.45,5.54,,45.29,1,,,1,0.3
2,2015-03-20 14:07:09.000000 UTC,2015-03-20 14:07:22.000000 UTC,N,1,-73.997352600097656,40.749305725097656,-73.996368408203125,40.748580932617188,2,0.0,2.5,0.0,0.5,0.0,0.0,,3.3,2,,,1,0.3
1,2015-04-01 00:41:08.000000 UTC,2015-04-01 00:41:09.000000 UTC,N,1,-73.988563537597656,40.731132507324219,-73.988540649414062,40.731155395507812,1,4.6,17.0,0.5,0.5,3.65,0.0,,21.95,1,,,1,0.3
2,2015-01-15 21:10:36.000000 UTC,2015-01-15 21:21:29.000000 UTC,N,1,-73.9683837890625,40.755489349365234,-73.974578857421875,40.753761291503906,1,3.23,12.0,0.5,0.5,0.0,0.0,,13.3,2,,,1,0.3
2,2015-03-17 04:26:46.000000 UTC,2015-03-17 04:34:35.000000 UTC,N,1,-73.983154296875,40.731613159179688,-74.001617431640625,40.740707397460938,1,1.46,8.0,0.5,0.5,0.0,0.0,,9.3,2,,,1,0.3
1,2015-04-15 09:20:58.000000 UTC,2015-04-15 09:21:04.000000 UTC,N,1,-74.0076904296875,40.742885589599609,-74.007682800292969,40.742889404296875,1,5.0,22.5,0.0,0.5,0.0,0.0,,23.3,4,,,1,0.3
2,2015-02-15 19:20:27.000000 UTC,2015-02-15 19:21:00.000000 UTC,N,3,-74.005119323730469,40.728553771972656,-74.003730773925781,40.727718353271484,1,0.03,20.0,0.0,0.0,0.0,0.0,,20.3,2,,,1,0.3
2,2015-04-11 02:30:15.000000 UTC,2015-04-11 02:38:55.000000 UTC,N,1,-73.999221801757812,40.7281494140625,-73.992279052734375,40.749542236328125,1,1.97,8.5,0.5,0.5,0.0,0.0,,9.8,1,,,1,0.3
1,2015-01-01 00:59:21.000000 UTC,2015-01-01 00:59:24.000000 UTC,N,1,-73.973701477050781,40.757228851318359,-73.9736557006836,40.757381439208984,1,6.4,23.0,0.5,0.5,0.0,0.0,,24.3,4,,,1,0.3
2,2015-02-04 19:09:44.000000 UTC,2015-02-04 19:10:22.000000 UTC,N,1,-73.9915771484375,40.7483024597168,-73.9909439086914,40.748756408691406,1,0.0,2.5,1.0,0.5,0.0,0.0,,4.3,2,,,1,0.3
1,2015-08-12 18:56:22.000000 UTC,2015-08-12 18:56:31.000000 UTC,N,1,-73.9712905883789,40.751510620117188,-73.971321105957031,40.751487731933594,1,7.6,24.0,1.0,0.5,0.0,0.0,,25.8,2,,,1,0.3
1,2015-02-23 09:52:42.000000 UTC,2015-02-23 09:53:00.000000 UTC,N,1,-74.012382507324219,40.718662261962891,-74.012405395507812,40.718654632568359,1,3.6,14.5,0.0,0.5,0.0,0.0,,15.3,2,,,1,0.3
2,2015-02-21 09:44:27.000000 UTC,2015-02-21 09:57:19.000000 UTC,N,1,-73.9870376586914,40.733123779296875,-74.002510070800781,40.731349945068359,1,3.77,13.5,0.0,0.5,9.0,0.0,,23.3,1,,,1,0.3
1,2015-03-21 20:04:51.000000 UTC,2015-03-21 20:05:18.000000 UTC,N,1,-73.985527038574219,40.763225555419922,-73.984848022460938,40.7641716003418,1,5.7,22.0,0.0,0.5,0.0,0.0,,22.8,2,,,1,0.3
2,2015-06-29 22:29:36.000000 UTC,2015-06-29 22:29:46.000000 UTC,N,1,-73.99139404296875,40.722801208496094,-73.991378784179688,40.722816467285156,1,2.52,10.0,0.5,0.5,2.26,0.0,,13.56,1,,,1,0.3
1,2015-05-27 10:59:52.000000 UTC,2015-05-27 11:11:32.000000 UTC,N,1,-73.986320495605469,40.761512756347656,-73.97442626953125,40.7650260925293,1,0.9,8.5,0.0,0.5,0.0,0.0,,9.3,2,,,1,0.3
2,2015-03-02 12:08:49.000000 UTC,2015-03-02 12:10:19.000000 UTC,N,1,-73.996788024902344,40.76434326171875,-73.996795654296875,40.764286041259766,1,0.0,2.1,0.0,0.5,0.0,0.0,,2.9,2,,,1,0.3
2,2015-03-31 16:23:55.000000 UTC,2015-03-31 17:31:29.000000 UTC,N,1,-73.989608764648438,40.750980377197266,-73.989456176757812,40.751045227050781,1,0.0,36.0,1.0,0.5,9.45,0.0,,47.25,1,,,1,0.3
1,2015-12-02 20:35:28.000000 UTC,2015-12-02 20:36:13.000000 UTC,N,1,-73.9857406616211,40.763526916503906,-73.985824584960938,40.763450622558594,1,3.4,14.5,0.5,0.5,0.0,0.0,,15.8,3,,,1,0.3
1,2015-06-13 22:37:54.000000 UTC,2015-06-13 22:38:02.000000 UTC,N,1,-73.986091613769531,40.722465515136719,-73.986083984375,40.722461700439453,1,2.9,13.0,0.5,0.5,0.0,0.0,,14.3,2,,,1,0.3
1,2015-11-07 20:38:00.000000 UTC,2015-11-07 20:38:04.000000 UTC,N,1,-74.005020141601562,40.721626281738281,-74.0050048828125,40.721630096435547,1,0.9,2.5,0.5,0.5,0.0,0.0,,3.8,2,,,1,0.3
2,2015-03-28 00:02:36.000000 UTC,2015-03-28 00:11:24.000000 UTC,N,1,-73.978691101074219,40.72430419921875,-73.991645812988281,40.726371765136719,1,0.94,7.0,0.5,0.5,1.2,0.0,,9.5,1,,,1,0.3
2,2015-03-12 22:36:49.000000 UTC,2015-03-12 22:39:00.000000 UTC,N,1,-73.991226196289062,40.723091125488281,-73.988685607910156,40.718643188476562,1,0.47,3.5,0.5,0.5,0.0,0.0,,4.8,2,,,1,0.3
2,2015-01-09 10:05:31.000000 UTC,2015-01-09 10:39:26.000000 UTC,N,1,-73.971267700195312,40.744266510009766,-73.978729248046875,40.759880065917969,1,7.51,29.0,0.0,0.5,5.0,0.0,,34.8,1,,,1,0.3
2,2015-08-07 21:42:17.000000 UTC,2015-08-07 21:42:52.000000 UTC,N,1,-73.992141723632812,40.755916595458984,-73.99237060546875,40.755844116210938,1,4.6,23.0,0.5,0.5,0.0,0.0,,24.3,2,,,1,0.3
2,2015-07-05 00:48:43.000000 UTC,2015-07-05 00:48:45.000000 UTC,N,5,-73.9741439819336,40.756744384765625,-73.974136352539062,40.756732940673828,1,0.0,35.0,0.0,0.0,8.82,0.0,,44.12,1,,,1,0.3
2,2015-04-02 13:33:11.000000 UTC,2015-04-02 13:34:56.000000 UTC,N,1,-73.988456726074219,40.749347686767578,-73.988655090332031,40.746292114257812,1,0.08,3.0,0.0,0.5,0.0,0.0,,3.8,2,,,1,0.3
2,2015-10-17 01:13:46.000000 UTC,2015-10-17 01:17:22.000000 UTC,N,1,-73.992118835449219,40.743732452392578,-73.989906311035156,40.747928619384766,1,0.37,4.5,0.5,0.5,0.0,0.0,,5.8,2,,,1,0.3
2,2015-03-04 00:55:01.000000 UTC,2015-03-04 00:55:05.000000 UTC,N,1,-74.002616882324219,40.733638763427734,-74.002647399902344,40.7336540222168,1,4.04,14.5,0.5,0.5,3.16,0.0,,18.96,1,,,1,0.3
2,2015-04-11 22:53:52.000000 UTC,2015-04-11 22:57:26.000000 UTC,N,1,-73.983428955078125,40.770835876464844,-73.9910659790039,40.765861511230469,1,0.75,5.0,0.5,0.5,1.26,0.0,,7.56,1,,,1,0.3
2,2015-04-29 03:20:29.000000 UTC,2015-04-29 03:29:02.000000 UTC,N,1,-73.981010437011719,40.742721557617188,-74.002349853515625,40.725326538085938,1,2.1,8.5,0.5,0.5,0.0,0.0,,9.8,1,,,1,0.3
1,2015-01-21 15:42:14.000000 UTC,2015-01-21 15:42:17.000000 UTC,N,1,-73.986076354980469,40.732906341552734,-73.986015319824219,40.732875823974609,1,7.0,25.0,0.0,0.5,0.0,0.0,,25.8,3,,,1,0.3
2,2015-01-17 03:54:06.000000 UTC,2015-01-17 04:01:26.000000 UTC,N,1,-73.976554870605469,40.719139099121094,-73.983245849609375,40.741401672363281,1,2.17,9.0,0.5,0.5,0.0,0.0,,10.3,2,,,1,0.3
2,2015-01-16 19:04:32.000000 UTC,2015-01-16 19:15:09.000000 UTC,N,1,-73.990898132324219,40.749908447265625,-73.994033813476562,40.752487182617188,1,5.63,24.5,1.0,0.5,5.1,0.0,,31.4,1,,,1,0.3
2,2015-04-10 15:37:23.000000 UTC,2015-04-11 14:59:47.000000 UTC,N,1,-73.977798461914062,40.746410369873047,-73.989791870117188,40.737808227539062,2,3.36,16.5,0.0,0.5,2.0,5.54,,24.84,1,,,1,0.3
2,2015-07-19 19:01:02.000000 UTC,2015-07-19 19:13:08.000000 UTC,N,1,-73.968368530273438,40.754947662353516,-73.973892211914062,40.74432373046875,3,4.06,13.5,0.0,0.5,2.7,0.0,,17.0,1,,,1,0.3
2,2015-03-26 12:14:33.000000 UTC,2015-03-26 12:40:36.000000 UTC,N,1,-73.975700378417969,40.718952178955078,-73.987747192382812,40.721584320068359,2,7.25,24.5,0.0,0.5,0.0,0.0,,25.3,2,,,1,0.3
2,2015-02-24 16:49:59.000000 UTC,2015-02-24 16:58:15.000000 UTC,N,1,-74.0074234008789,40.727073669433594,-73.993644714355469,40.732765197753906,1,1.46,7.5,1.0,0.5,1.7,0.0,,11.0,1,,,1,0.3
1,2015-04-16 17:57:12.000000 UTC,2015-04-16 17:57:15.000000 UTC,N,1,-73.984848022460938,40.7421875,-73.984809875488281,40.7421760559082,1,5.6,30.5,1.0,0.5,0.0,0.0,,32.3,1,,,1,0.3
2,2015-10-07 12:35:42.000000 UTC,2015-10-07 12:45:25.000000 UTC,N,1,-73.99322509765625,40.724449157714844,-74.008026123046875,40.735450744628906,1,4.55,19.0,0.0,0.5,3.96,0.0,,23.76,1,,,1,0.3
1,2015-06-13 20:49:54.000000 UTC,2015-06-13 20:49:57.000000 UTC,N,1,-73.99725341796875,40.740730285644531,-73.99725341796875,40.7407341003418,1,4.7,22.0,0.5,0.5,4.65,0.0,,27.95,1,,,1,0.3
2,2015-02-02 07:49:06.000000 UTC,2015-02-02 07:52:48.000000 UTC,N,1,-73.9827880859375,40.748188018798828,-73.975395202636719,40.75750732421875,3,0.67,4.5,0.0,0.5,0.0,0.0,,5.3,2,,,1,0.3
2,2015-02-13 09:24:04.000000 UTC,2015-02-13 09:30:31.000000 UTC,N,1,-73.978485107421875,40.745941162109375,-73.980796813964844,40.747920989990234,1,9.2,39.5,0.0,0.5,9.13,5.33,,54.76,1,,,1,0.3
2,2015-04-03 13:49:39.000000 UTC,2015-04-03 13:49:44.000000 UTC,N,1,-73.986419677734375,40.719505310058594,-73.986656188964844,40.719612121582031,1,10.32,32.0,0.0,0.5,0.0,0.0,,32.8,2,,,1,0.3
2,2015-03-07 04:26:27.000000 UTC,2015-03-07 04:26:30.000000 UTC,N,1,-73.977279663085938,40.758953094482422,-73.976676940917969,40.758563995361328,1,6.04,20.5,0.5,0.5,0.0,0.0,,21.8,1,,,1,0.3
2,2015-09-27 00:03:53.000000 UTC,2015-09-27 00:03:56.000000 UTC,N,1,-73.982635498046875,40.724906921386719,-73.98211669921875,40.723896026611328,1,0.04,2.5,0.5,0.5,0.0,0.0,,3.8,2,,,1,0.3
1,2015-09-30 11:31:07.000000 UTC,2015-09-30 11:32:41.000000 UTC,N,1,-74.0043716430664,40.720909118652344,-74.00433349609375,40.720916748046875,1,5.1,27.0,0.0,0.5,5.55,0.0,,33.35,1,,,1,0.3
1,2015-01-22 11:10:55.000000 UTC,2015-01-22 11:10:56.000000 UTC,N,1,-73.991325378417969,40.735927581787109,-73.991378784179688,40.735885620117188,1,5.3,23.5,0.0,0.5,0.0,0.0,,24.3,2,,,1,0.3
1,2015-07-29 19:30:05.000000 UTC,2015-07-29 19:34:44.000000 UTC,N,1,-73.976791381835938,40.757896423339844,-73.97637939453125,40.758102416992188,1,3.7,21.0,1.0,0.5,0.0,0.0,,22.8,3,,,1,0.3
2,2015-10-17 01:01:25.000000 UTC,2015-10-17 01:06:46.000000 UTC,N,1,-74.0053939819336,40.739650726318359,-73.999740600585938,40.734733581542969,1,0.61,5.0,0.5,0.5,1.0,0.0,,7.3,1,,,1,0.3
2,2015-04-10 17:57:50.000000 UTC,2015-04-10 18:07:00.000000 UTC,N,1,-73.987075805664062,40.729278564453125,-73.9997787475586,40.723533630371094,1,6.18,28.0,1.0,0.5,7.45,0.0,,37.25,1,,,1,0.3
2,2015-09-26 22:04:14.000000 UTC,2015-09-26 22:04:19.000000 UTC,N,1,-73.9818344116211,40.761806488037109,-73.981773376464844,40.761837005615234,1,8.28,30.0,0.5,0.5,0.0,0.0,,31.3,2,,,1,0.3
2,2015-03-02 12:11:30.000000 UTC,2015-03-02 12:12:13.000000 UTC,N,1,-73.996757507324219,40.764331817626953,-73.996749877929688,40.76434326171875,1,0.0,2.0,0.0,0.5,0.0,0.0,,2.8,2,,,1,0.3
2,2015-05-08 01:39:22.000000 UTC,2015-05-08 01:40:13.000000 UTC,N,1,-73.992881774902344,40.752731323242188,-73.992935180664062,40.752536773681641,1,0.0,2.5,0.5,0.5,0.0,0.0,,3.8,2,,,1,0.3
1,2015-12-01 13:23:09.000000 UTC,2015-12-01 13:23:12.000000 UTC,N,1,-73.990875244140625,40.728153228759766,-73.990859985351562,40.7281494140625,1,3.5,14.5,0.0,0.5,0.0,0.0,,15.3,2,,,1,0.3
2,2015-12-10 21:29:16.000000 UTC,2015-12-10 21:42:07.000000 UTC,N,1,-73.971809387207031,40.763042449951172,-73.9901351928711,40.751064300537109,1,1.8,10.0,0.5,0.5,2.82,0.0,,14.12,1,,,1,0.3
2,2015-11-30 16:30:32.000000 UTC,2015-11-30 16:30:59.000000 UTC,N,1,-73.9859848022461,40.758865356445312,-73.985893249511719,40.758853912353516,1,7.35,21.0,1.0,0.5,4.56,0.0,,27.36,1,,,1,0.3
2,2015-07-10 08:22:32.000000 UTC,2015-07-10 08:50:29.000000 UTC,N,1,-73.982841491699219,40.731693267822266,-73.9739990234375,40.7305908203125,5,4.03,17.0,0.0,0.5,0.0,5.54,,23.34,2,,,1,0.3
2,2015-03-18 19:20:10.000000 UTC,2015-03-18 19:20:12.000000 UTC,N,1,-73.976226806640625,40.7276611328125,-73.976516723632812,40.727256774902344,1,5.62,18.0,1.0,0.5,0.0,0.0,,19.8,2,,,1,0.3
1,2015-04-08 15:24:28.000000 UTC,2015-04-08 15:26:52.000000 UTC,N,99,-73.9737777709961,40.764377593994141,-73.973716735839844,40.761592864990234,1,0.0,0.0,0.0,0.0,0.0,0.0,,0.0,2,,,1,0.0
1,2015-12-03 16:27:56.000000 UTC,2015-12-03 16:27:59.000000 UTC,N,1,-73.975624084472656,40.740871429443359,-73.975570678710938,40.740951538085938,1,3.9,19.0,1.0,0.5,5.0,0.0,,25.8,1,,,1,0.3
2,2015-11-13 10:17:11.000000 UTC,2015-11-13 10:17:22.000000 UTC,N,1,-74.005928039550781,40.744487762451172,-74.005943298339844,40.744464874267578,1,5.82,17.0,0.0,0.5,3.56,0.0,,21.36,1,,,1,0.3
2,2015-04-12 01:41:41.000000 UTC,2015-04-12 01:41:44.000000 UTC,N,5,-73.995651245117188,40.7645378112793,-73.995681762695312,40.764560699462891,1,0.0,32.7,0.0,0.0,0.0,0.0,,33.0,1,,,1,0.3
